{"name":"makeovermonday_2020w45-dedicated-video-game-sales-units","title":"2020/W45: Dedicated Video Game Sales Units","description":"Dedicated Video Games Sales Units\n\n---\n{\"editor\":\"markdown\"}\n---\n# **Original Visualization**\n![https://learningtableaublog.files.wordpress.com/2020/11/graph.jpg](https://learningtableaublog.files.wordpress.com/2020/11/graph.jpg)\n\n# **About this Dataset**\nSOURCE ARTICLE: [Nintendo Investor Relations](https://www.nintendo.co.jp/ir/en/finance/hard_soft/number.html)\nDATA SOURCE: [Data downloaded from source article. Original source is Euroland.com](https://www.euroland.com)\n\n# **Objectives**\n\\\\\\* What works and what doesn't work with this chart?\n\\\\\\* How can you make it better?","homepage":"https://data.world/makeovermonday/2020w45-dedicated-video-game-sales-units","resources":[{"name":"data","schema":{"fields":[{"name":"nintendo_switch_platform","title":"Nintendo Switch Platform","type":"string","rdfType":"http://www.w3.org/2001/XMLSchema#string","dwSourceId":"nintendo_switch_platform"},{"name":"metric","title":"Metric","type":"string","rdfType":"http://www.w3.org/2001/XMLSchema#string","dwSourceId":"metric"},{"name":"3_2017","title":"3/2017","type":"integer","rdfType":"http://www.w3.org/2001/XMLSchema#integer","dwSourceId":"3_2017"},{"name":"3_2018","title":"3/2018","type":"integer","rdfType":"http://www.w3.org/2001/XMLSchema#integer","dwSourceId":"3_2018"},{"name":"3_2019","title":"3/2019","type":"integer","rdfType":"http://www.w3.org/2001/XMLSchema#integer","dwSourceId":"3_2019"},{"name":"3_2020","title":"3/2020","type":"integer","rdfType":"http://www.w3.org/2001/XMLSchema#integer","dwSourceId":"3_2020"}]},"path":"data/data.csv","format":"csv"},{"name":"original/Data.xls","path":"original/Data.xls","format":"xls","mediatype":"application/vnd.ms-excel","bytes":26112}],"keywords":["makeover monday","video games","sales"]}